Genotype,Temperature,Diverse,Single,percent_change
1,Ambient,1,0.95,0.050000000000000044
1,High,0.9,0.95,-0.05555555555555548
ClusterC,Ambient,0.95,1,-0.052631578947368474
ClusterC,High,1,0.8375,0.16249999999999998
ClusterA,Ambient,1,0.9666666666666667,0.033333333333333326
ClusterA,High,0.9666666666666667,0.9666666666666667,0
4,Ambient,1,1,0
4,High,0.9,0.25,0.7222222222222222
23,Ambient,1,1,0
23,High,0.5,0,1
